<employees>
    <employee id="1">
        <name>John</name>
        <department>Development</department>
        <city>LA</city>
        <designation>Senior Developer</designation>
    </employee>
    <employee id="2">
        <name>Alex</name>
        <department>Sales</department>
        <city>NY</city>
        <designation>Senior Manager</designation>
    </employee>
    <employee id="3">
        <name>Bob</name>
        <department>Development</department>
        <city>LA</city>
        <designation>Developer</designation>
    </employee>
    <employee id="4">
        <name>Jenny</name>
        <department>Development</department>
        <city>LA</city>
        <designation>Developer</designation>
    </employee>
    <employee id="5">
        <name>Mery</name>
        <department>Development</department>
        <city>LA</city>
        <designation>Senior Developer</designation>
    </employee>
    <employee id="6">
        <name>Aron</name>
        <department>Development</department>
        <city>LA</city>
        <designation>Developer</designation>
    </employee>
    <employee id="7">
        <name>Kevin</name>
        <department>Testing</department>
        <city>LA</city>
        <designation>Senior Engineer</designation>
    </employee>
    <employee id="8">
        <name>Gabriel</name>
        <department>Development</department>
        <city>LA</city>
        <designation>Team Lead</designation>
    </employee>
    <employee id="9">
        <name>Ramsey</name>
        <department>Testing</department>
        <city>LA</city>
        <designation>Tester</designation>
    </employee>
    <employee id="10">
        <name>Paul</name>
        <department>Sales</department>
        <city>Austin</city>
        <designation>Sales Executive</designation>
    </employee>
    <employee id="11">
        <name>Tina</name>
        <department>Sales</department>
        <city>Green Bay</city>
        <designation>Sales Executive</designation>
    </employee>
    <employee id="13">
        <name>Sam</name>
        <department>Development</department>
        <city>LA</city>
        <designation>Developer</designation>
    </employee>
</employees>